{
  "distinct_norms": [
    2.7325202043
  ],
  "raw_inner_product_histogram": {
    "-2.5333333333": 15,
    "-1.5333333333": 60,
    "2.4666666667": 30
  },
  "cosine_histogram": {
    "-0.3392857143": 15,
    "-0.2053571429": 60,
    "0.3303571429": 30
  },
  "by_distance": {
    "1": {
      "raw": [
        2.4666666667
      ],
      "cos": [
        0.3303571429
      ]
    },
    "2": {
      "raw": [
        -1.5333333333
      ],
      "cos": [
        -0.2053571429
      ]
    },
    "3": {
      "raw": [
        -2.5333333333
      ],
      "cos": [
        -0.3392857143
      ]
    }
  }
}