{
  "signatures": [
    "(+I,+I,-I)",
    "(+I,-I,-I)",
    "(-I,+I,-I)",
    "(-I,-I,+I)",
    "(-I,-I,-I)"
  ],
  "symmetric_coupling_matrix": [
    [
      0.0,
      12.709021986126878,
      5.5421761933050773e-14,
      5.96494692577851e-14,
      1.3439863653254665e-13
    ],
    [
      12.709021986126878,
      0.0,
      12.946266354688774,
      1.794634076134159e-13,
      17.574403781648513
    ],
    [
      5.5421761933050773e-14,
      12.946266354688774,
      0.0,
      6.901026043874209,
      8.340222798984772
    ],
    [
      5.96494692577851e-14,
      1.794634076134159e-13,
      6.901026043874209,
      0.0,
      12.605362631890266
    ],
    [
      1.3439863653254665e-13,
      17.574403781648513,
      8.340222798984772,
      12.605362631890266,
      0.0
    ]
  ],
  "effective_hamiltonian": [
    [
      -0.0,
      -12.709021986126878,
      -5.5421761933050773e-14,
      -5.96494692577851e-14,
      -1.3439863653254665e-13
    ],
    [
      -12.709021986126878,
      -0.0,
      -12.946266354688774,
      -1.794634076134159e-13,
      -17.574403781648513
    ],
    [
      -5.5421761933050773e-14,
      -12.946266354688774,
      -0.0,
      -6.901026043874209,
      -8.340222798984772
    ],
    [
      -5.96494692577851e-14,
      -1.794634076134159e-13,
      -6.901026043874209,
      -0.0,
      -12.605362631890266
    ],
    [
      -1.3439863653254665e-13,
      -17.574403781648513,
      -8.340222798984772,
      -12.605362631890266,
      -0.0
    ]
  ],
  "heff_eigenvalues": [
    -32.02426458023449,
    -7.033482921940906,
    4.525392453335525,
    9.008381944785452,
    25.52397310405442
  ],
  "laplacian_eigenvalues": [
    5.189979110022858e-15,
    10.917203772010792,
    27.084637617052916,
    41.10216347883674,
    63.04860232652723
  ],
  "normalized_laplacian_eigenvalues": [
    4.79025690584239e-17,
    0.6394422972913819,
    1.2000473064660864,
    1.3405574782554321,
    1.819952917987099
  ],
  "ground_state_weights": {
    "(+I,+I,-I)": 0.10776903384782421,
    "(+I,-I,-I)": 0.2715570133772887,
    "(-I,+I,-I)": 0.21004969285486966,
    "(-I,-I,+I)": 0.14845802030008115,
    "(-I,-I,-I)": 0.2621662396199364
  },
  "stationary_distribution": {
    "(+I,+I,-I)": 0.07466573105028142,
    "(+I,-I,-I)": 0.31816295848307563,
    "(-I,+I,-I)": 0.16552974063835155,
    "(-I,-I,+I)": 0.12863068826841953,
    "(-I,-I,-I)": 0.31301088155987183
  },
  "heff_gap": 24.99078165829358,
  "laplacian_gap": 10.917203772010787,
  "normalized_laplacian_gap": 0.6394422972913819,
  "overlap_gs_sqrt_pi": 0.9972178176563691,
  "corr_gs_pi": 0.9669540220822548
}