{
  "kept_blocks": [
    1,
    2,
    3,
    4,
    5,
    6,
    7,
    8,
    9,
    10,
    11,
    12,
    13,
    14,
    15,
    16,
    17,
    18,
    19,
    20
  ],
  "signatures": [
    "(+I,+I,-I)",
    "(+I,-I,-I)",
    "(-I,+I,-I)",
    "(-I,-I,+I)",
    "(-I,-I,-I)"
  ],
  "signature_to_blocks": {
    "(+I,+I,-I)": [
      18,
      20
    ],
    "(+I,-I,-I)": [
      10,
      11,
      12,
      13,
      14,
      16,
      17
    ],
    "(-I,+I,-I)": [
      5,
      7,
      8
    ],
    "(-I,-I,+I)": [
      15,
      19
    ],
    "(-I,-I,-I)": [
      1,
      2,
      3,
      4,
      6,
      9
    ]
  },
  "directed_quotient_matrix": [
    [
      5.78930491566237,
      6.361921230885048,
      2.6153918520176335e-14,
      2.9732668126901456e-14,
      6.705718941562768e-14
    ],
    [
      6.347100755241832,
      25.988591038896107,
      6.04204310178144,
      9.452517715002469e-14,
      9.305869641550261
    ],
    [
      2.9267843412874445e-14,
      6.904223252907333,
      11.612652372978184,
      4.056058500354657,
      4.171887093750349
    ],
    [
      2.9916801130883625e-14,
      8.493823046339121e-14,
      2.844967543519554,
      4.3542386840024285,
      5.971455451791475
    ],
    [
      6.734144711691902e-14,
      8.268534140098252,
      4.168335705234423,
      6.63390718009879,
      27.149434619531124
    ]
  ],
  "symmetrized_quotient_matrix": [
    [
      5.78930491566237,
      12.70902198612688,
      5.542176193305078e-14,
      5.964946925778508e-14,
      1.343986365325467e-13
    ],
    [
      12.70902198612688,
      25.988591038896107,
      12.946266354688774,
      1.7946340761341592e-13,
      17.574403781648513
    ],
    [
      5.542176193305078e-14,
      12.946266354688774,
      11.612652372978184,
      6.901026043874211,
      8.340222798984772
    ],
    [
      5.964946925778508e-14,
      1.7946340761341592e-13,
      6.901026043874211,
      4.3542386840024285,
      12.605362631890266
    ],
    [
      1.343986365325467e-13,
      17.574403781648513,
      8.340222798984772,
      12.605362631890266,
      27.149434619531124
    ]
  ],
  "directed_by_operator": {
    "F": [
      [
        1.5116184125734193,
        2.979012830165853,
        1.0484623246678923e-14,
        8.285090145777369e-15,
        2.5978332907321488e-14
      ],
      [
        2.7216438232741202,
        7.630064792472662,
        0.9449864713196383,
        3.679199658637178e-14,
        1.6241107325120194
      ],
      [
        1.2073992049291923e-14,
        1.7475340440992213,
        4.678041513546793,
        1.0276882358830512,
        2.4903647609785047
      ],
      [
        7.630773110072363e-15,
        3.575811495402435e-14,
        0.965210724650209,
        1.6865796126498651,
        2.0970972638809204
      ],
      [
        2.433354560336753e-14,
        1.5038055766481955,
        2.498847459177611,
        2.45607640331163,
        9.21928913711917
      ]
    ],
    "S": [
      [
        2.6519140623542805,
        0.5779478585983268,
        5.3387111854185145e-15,
        9.896139378101299e-15,
        1.7626733885490432e-14
      ],
      [
        0.5779478585983266,
        10.813589020765233,
        2.0398530013010383,
        2.164668189276326e-14,
        0.4639249039724262
      ],
      [
        5.355395983359355e-15,
        2.0398530013010383,
        4.175979177968861,
        1.6568681981912594,
        0.19860320007791277
      ],
      [
        9.908783675623346e-15,
        2.167901911135435e-14,
        1.6568681981912594,
        0.35820959489205517,
        2.436798724059476
      ],
      [
        1.764685803359271e-14,
        0.4639249039724264,
        0.1986032000779128,
        2.436798724059476,
        10.75237709525691
      ]
    ],
    "V": [
      [
        1.625772440734671,
        2.804960542120867,
        1.0330584088078896e-14,
        1.1551438603022787e-14,
        2.3452122622815735e-14
      ],
      [
        3.0475090733693837,
        7.544937225658247,
        3.057203629160762,
        3.6086498670889635e-14,
        7.217834005065814
      ],
      [
        1.183845538022316e-14,
        3.116836207507075,
        2.7586316814625267,
        1.3715020662803465,
        1.4829191326939324
      ],
      [
        1.237724434518792e-14,
        2.7501096398012507e-14,
        0.2228886206780852,
        2.3094494764605082,
        1.4375594638510802
      ],
      [
        2.5361043479958765e-14,
        6.3008036594776335,
        1.4708850459789007,
        1.7410320527276837,
        7.177768387155068
      ]
    ]
  },
  "transition_matrix": [
    [
      0.47643792040750155,
      0.5235620795924881,
      2.152368674959382e-15,
      2.446886245743128e-15,
      5.518553321853881e-15
    ],
    [
      0.13310866107561745,
      0.5450215286991213,
      0.12671112346453609,
      1.9823412694345894e-15,
      0.19515868676072337
    ],
    [
      1.0943368501935635e-15,
      0.25815178183904763,
      0.43420190688349963,
      0.15165771597392227,
      0.15598859530352926
    ],
    [
      2.271472903891555e-15,
      6.4490480836508756e-15,
      0.2160079434724215,
      0.3306013615733058,
      0.4533906949542641
    ],
    [
      1.4569696831809786e-15,
      0.17889433747323405,
      0.09018426261768776,
      0.1435282735409497,
      0.5873931263681269
    ]
  ],
  "stationary_distribution": {
    "(+I,+I,-I)": 0.08032878053065307,
    "(+I,-I,-I)": 0.31596068239214803,
    "(-I,+I,-I)": 0.1647906594093083,
    "(-I,-I,+I)": 0.10823751310109463,
    "(-I,-I,-I)": 0.33068236456679595
  }
}