{
  "kept_blocks": [
    1,
    2,
    3,
    4,
    5,
    6,
    7,
    8,
    9,
    10,
    11,
    12,
    13,
    14,
    15,
    16,
    17,
    18,
    19,
    20,
    21,
    22,
    23,
    24,
    25,
    26,
    27,
    28,
    29,
    30,
    31,
    32
  ],
  "signatures": [
    "(+I,+I,+I)",
    "(+I,+I,-I)",
    "(+I,-I,+I)",
    "(+I,-I,-I)",
    "(-I,+I,+I)",
    "(-I,+I,-I)",
    "(-I,-I,+I)",
    "(-I,-I,-I)"
  ],
  "signature_to_blocks": {
    "(+I,+I,+I)": [
      25,
      26,
      27,
      30,
      31,
      32
    ],
    "(+I,+I,-I)": [
      18,
      20,
      23,
      24
    ],
    "(+I,-I,+I)": [
      28,
      29
    ],
    "(+I,-I,-I)": [
      10,
      11,
      12,
      13,
      14,
      16,
      17
    ],
    "(-I,+I,+I)": [
      21,
      22
    ],
    "(-I,+I,-I)": [
      5,
      7,
      8
    ],
    "(-I,-I,+I)": [
      15,
      19
    ],
    "(-I,-I,-I)": [
      1,
      2,
      3,
      4,
      6,
      9
    ]
  },
  "directed_quotient_matrix": [
    [
      22.221659597959327,
      1.7963227660012866,
      4.1605786690036595e-14,
      16.273818633055292,
      1.0068355073616677,
      3.255571059997959,
      2.248730770607526,
      7.932285725794767
    ],
    [
      3.7596033910710833,
      13.817438391292878,
      2.003995014878158,
      8.727726568936664,
      4.5266762858549077e-13,
      4.15133413339673,
      1.3359454882535764,
      1.036974477912083
    ],
    [
      4.229373666632692e-14,
      2.446256411318606,
      6.949892441988132,
      1.1593592732627136,
      1.1876397804314738e-14,
      1.4238647213387025e-14,
      1.1392764843143955e-14,
      2.437599525998133e-14
    ],
    [
      13.337219046101207,
      9.366127474331424,
      1.51897539509562,
      25.988591038896107,
      5.257220436312064,
      6.04204310178144,
      9.452517715002469e-14,
      9.305869641550261
    ],
    [
      1.1869100588984973,
      4.542431423521382e-13,
      1.2023732421171222e-14,
      5.387167417307145,
      7.937319890711258,
      1.2582276756487707e-13,
      1.392609416744958e-14,
      3.558735292408301
    ],
    [
      2.434974719540513,
      3.2122959888622775,
      1.1195688719757085e-14,
      6.904223252907333,
      1.338570152330647e-13,
      11.612652372978184,
      4.056058500354657,
      4.171887093750349
    ],
    [
      2.6423278716818617,
      2.5204900236672776,
      1.2087599117700714e-14,
      8.493823046339121e-14,
      1.5029921160588063e-14,
      2.844967543519554,
      4.3542386840024285,
      5.971455451791475
    ],
    [
      9.780313581729759,
      1.5271700663335523,
      3.1278719305256585e-14,
      8.268534140098252,
      4.160968558058049,
      4.168335705234423,
      6.63390718009879,
      27.149434619531124
    ]
  ],
  "symmetrized_quotient_matrix": [
    [
      22.221659597959327,
      5.55592615707237,
      8.389952335636351e-14,
      29.6110376791565,
      2.193745566260165,
      5.690545779538471,
      4.891058642289387,
      17.712599307524528
    ],
    [
      5.55592615707237,
      13.817438391292878,
      4.450251426196764,
      18.093854043268088,
      9.06910770937629e-13,
      7.363630122259008,
      3.856435511920854,
      2.5641445442456354
    ],
    [
      8.389952335636351e-14,
      4.450251426196764,
      6.949892441988132,
      2.6783346683583336,
      2.3900130225485962e-14,
      2.5434335933144108e-14,
      2.348036396084467e-14,
      5.5654714565237915e-14
    ],
    [
      29.6110376791565,
      18.093854043268088,
      2.6783346683583336,
      25.988591038896107,
      10.64438785361921,
      12.946266354688774,
      1.7946340761341592e-13,
      17.574403781648513
    ],
    [
      2.193745566260165,
      9.06910770937629e-13,
      2.3900130225485962e-14,
      10.64438785361921,
      7.937319890711258,
      2.596797827979418e-13,
      2.895601532803764e-14,
      7.719703850466351
    ],
    [
      5.690545779538471,
      7.363630122259008,
      2.5434335933144108e-14,
      12.946266354688774,
      2.596797827979418e-13,
      11.612652372978184,
      6.901026043874211,
      8.340222798984772
    ],
    [
      4.891058642289387,
      3.856435511920854,
      2.348036396084467e-14,
      1.7946340761341592e-13,
      2.895601532803764e-14,
      6.901026043874211,
      4.3542386840024285,
      12.605362631890266
    ],
    [
      17.712599307524528,
      2.5641445442456354,
      5.5654714565237915e-14,
      17.574403781648513,
      7.719703850466351,
      8.340222798984772,
      12.605362631890266,
      27.149434619531124
    ]
  ],
  "directed_by_operator": {
    "F": [
      [
        5.840560071368687,
        0.7621715411827639,
        1.079108068883266e-14,
        6.581848955762647,
        0.47909658244297604,
        1.2036403822726434,
        0.8884465654053095,
        2.76415725144482
      ],
      [
        1.6297927896644748,
        4.4781777999078844,
        0.09233282918834435,
        4.429338421768263,
        1.847685273658016e-13,
        0.5573750650187814,
        0.5585556241273488,
        0.032116176398690674
      ],
      [
        1.1219783176913651e-14,
        1.0119903621936768,
        2.3323071107149254,
        0.4481442508452026,
        5.2100498606070225e-15,
        5.195325364477059e-15,
        4.451873452238661e-15,
        7.126958847120355e-15
      ],
      [
        5.716564130406907,
        4.356737433432274,
        1.1029199478623262,
        7.630064792472662,
        2.2454626440626995,
        0.9449864713196383,
        3.679199658637178e-14,
        1.6241107325120194
      ],
      [
        0.6705049322194782,
        1.8735802138419272e-13,
        4.580569797856245e-15,
        1.7687341847898845,
        2.090726128412666,
        1.6061911101796886e-14,
        4.917889126792614e-15,
        2.2526469250143797
      ],
      [
        0.47455147303839645,
        0.37556832466384243,
        3.39854251392949e-15,
        1.7475340440992213,
        2.5254139918964622e-14,
        4.678041513546793,
        1.0276882358830512,
        2.4903647609785047
      ],
      [
        1.2472574058954398,
        0.6606782518268021,
        3.8051170140968035e-15,
        3.575811495402435e-14,
        5.569837156875561e-15,
        0.965210724650209,
        1.6865796126498651,
        2.0970972638809204
      ],
      [
        3.583363282023961,
        0.2019016261807175,
        1.1159251728926828e-14,
        1.5038055766481955,
        2.013920282219778,
        2.498847459177611,
        2.45607640331163,
        9.21928913711917
      ]
    ],