{
  "eigenvalue": 2.821023448650914,
  "face_avg": {
    "0": -0.18506984076947441,
    "1": -4.720723201976663e-17,
    "2": 0.18506984076947336,
    "3": -3.868319178494748e-16,
    "4": -0.18506984076947203,
    "5": 2.6972778640825326e-15,
    "6": 0.18506984076947625,
    "7": -4.207160150511628e-16,
    "8": -0.18506984076947322,
    "9": 7.8193893154616465e-16,
    "10": 0.185069840769471,
    "11": -2.8129793783028544e-15
  },
  "class_avg": {
    "0": -0.18506984076947322,
    "1": 1.1440031878696435e-15,
    "2": 0.18506984076947353,
    "3": -1.2068424370678307e-15
  },
  "face_slot_nodes": {
    "0": [
      19,
      24,
      31,
      35,
      57
    ],
    "1": [
      8,
      10,
      11,
      41,
      49
    ],
    "2": [
      14,
      23,
      27,
      47,
      50
    ],
    "3": [
      5,
      25,
      42,
      43,
      58
    ],
    "4": [
      3,
      16,
      18,
      39,
      59
    ],
    "5": [
      21,
      29,
      34,
      36,
      55
    ],
    "6": [
      1,
      9,
      15,
      38,
      51
    ],
    "7": [
      12,
      22,
      30,
      48,
      52
    ],
    "8": [
      4,
      20,
      37,
      44,
      56
    ],
    "9": [
      0,
      13,
      17,
      40,
      46
    ],
    "10": [
      2,
      26,
      32,
      53,
      54
    ],
    "11": [
      6,
      7,
      28,
      33,
      45
    ]
  }
}